text,label,is_augmented
跑道 上 有 异物 正常 执行,紧急事件通报：跑道侵入,1
因 其 上 有 异物 复飞,紧急事件通报：跑道侵入,1
因 為 入 侵 复飞,紧急事件通报：跑道侵入,1
因 跑道 上 有 异物 ， 执行,紧急事件通报：跑道侵入,1
因 乌 鲁 木 齐 跑道 占 用 复飞,紧急事件通报：跑道侵入,1
加 丹 管制 电话 ， 无 法 与 取 得 联系 恢复 联系,紧急事件通报：管制反馈无法与机组建立联系,1
机组 未 转 频率 ， 管制 ， 我 爱 你 无 法 与 机组 联系 重 逢 监控 继续 飞,紧急事件通报：管制反馈无法与机组建立联系,1
管制 与 机组 比 不 上 正常 执行,紧急事件通报：管制反馈无法与机组建立联系,1
因 马 加 丹 管制 电话 ， 无 法 与 取 得 联系 恢复 。,紧急事件通报：管制反馈无法与机组建立联系,1
他 在 孟 买 情报 场 与 管制 失 联 通过 附近 航班 向 相 应 管制 转 达,紧急事件通报：管制反馈无法与机组建立联系,1
有 雷 打 在 天 前 ， 塔台 指挥 航班 中止 起飞 中断 起飞,雷击,1
"因 伊 斯 坦 堡 机场 雷 雨 复飞, 返航 备降 机务 检查",雷击,1
雷 击 返航 备降,雷击,1
因 起飞 过 程 中 遭 雷 击 ， 目前 飞机 各 自 参数 正常 。 正常 放行,雷击,1
遇 雷 返航 备降,雷击,1
操作 飞机 越 过 停止 线 30 - 50 公 分 。 正常 执行,紧急事件通报：航空器在地面出现非动力位移,1
因 此 飞机 越 过 停止 线 30 - 50 公 分 原因 正常 执行,紧急事件通报：航空器在地面出现非动力位移,1
因 此 飞机 越 过 停止 线 30 - 50 公 分 原因 正常 执行,紧急事件通报：航空器在地面出现非动力位移,1
因 操作 飞机 越 过 停止 线 30 - 50 公 分 原因 执行,紧急事件通报：航空器在地面出现非动力位移,1
因 操作 飞机 超 过 停止 线 30 - 40 公 分 原因 正常 执行,紧急事件通报：航空器在地面出现非动力位移,1
飞机 停 下 后 超出 停止 线 原因 正常 执行,紧急事件通报：航空器在地面出现非动力位移,1
因 客舱 航路 备降,紧急事件通报：空中出现明火、烟雾或火警/烟雾信息，机组判断对飞行有影响。,1
因 旅客 手机 烟 原因 正常 执行,紧急事件通报：空中出现明火、烟雾或火警/烟雾信息，机组判断对飞行有影响。,1
因 旅客 手机 冒 烟 原因 执行,紧急事件通报：空中出现明火、烟雾或火警/烟雾信息，机组判断对飞行有影响。,1
客舱 有 烟雾 。 备降,紧急事件通报：空中出现明火、烟雾或火警/烟雾信息，机组判断对飞行有影响。,1
客舱 烟雾 返航 备降,紧急事件通报：空中出现明火、烟雾或火警/烟雾信息，机组判断对飞行有影响。,1
客舱 有 返航 备降,紧急事件通报：空中出现明火、烟雾或火警/烟雾信息，机组判断对飞行有影响。,1
因 在 广 州 右 发 18 号 车 片 缘 板 根 部 遭 外 来 物 击 伤 害 。,无人机、不明飞行物,1
因 在 广 州 右 岸 18 号 叶 片 缘 板 根 部 遭 外 来 物 击 而 死 检查,无人机、不明飞行物,1
因 无 人 ， 影响 大 面 积 备降,无人机、不明飞行物,1
因 在 广 州 右 发 18 号 车 片 缘 板 底 部 被 外 来 物 击 伤 机务 检查,无人机、不明飞行物,1
因 无 人 机 影响 大 面 积 。,无人机、不明飞行物,1
因 此 广 州 右 发 18 号 叶 片 地 板 根 部 遭 外 来 物 击 伤 机务 。,无人机、不明飞行物,1
因 为 广 州 右 发 18 号 叶 片 底 板 底 部 遭 外 来 物 击 伤 机务 检查,无人机、不明飞行物,1
因 飞机 再 次 触 地 而 复飞 ， 复飞 过 程 中 飞机 尾 部 与 地面 发 生 刮 蹭 复飞,紧急事件通报：在运行阶段航空器受损或人员受伤、死亡。,1
登机 门 与 廊 桥 发 生 接触 机务 检查,紧急事件通报：在运行阶段航空器受损或人员受伤、死亡。,1
因 飞机 两 次 触 地 后 复飞 ， 复飞 过 程 中 飞机 尾 端 与 地面 发 生 磨 蹭 复飞,紧急事件通报：在运行阶段航空器受损或人员受伤、死亡。,1
登机 门 与 廊 桥 发 生 了 机务 检查,紧急事件通报：在运行阶段航空器受损或人员受伤、死亡。,1
因 飞机 两 次 落 地 后 ， 刮 复飞 过 程 中 飞机 尾 部 与 地面 发 生 刮 蹭 复飞,紧急事件通报：在运行阶段航空器受损或人员受伤、死亡。,1
登机 门 与 廊 桥 发 生 接触 突 检查,紧急事件通报：在运行阶段航空器受损或人员受伤、死亡。,1
登机 门 与 廊 门 发 生 接触 机务 检查,紧急事件通报：在运行阶段航空器受损或人员受伤、死亡。,1
系统 修改 系统 辑,"系统问题
",1
系统 系统 逻 辑,"系统问题
",1
系统 - 修改 系统 逻 辑,"系统问题
",1
修改 系统 逻 辑,"系统问题
",1
修改 系统 逻 辑,"系统问题
",1
系统 修改 系统 逻 。,"系统问题
",1
系统 修改 系统 逻 。,"系统问题
",1
系统 修改 系统 辑,"系统问题
",1
APU火警正常执行,紧急事件通报：地面航空器在起火,1
APU火警正常执行,紧急事件通报：地面航空器在起火,1
APU火警正常执行,紧急事件通报：地面航空器在起火,1
APU火警正常执行,紧急事件通报：地面航空器在起火,1
APU火警正常执行,紧急事件通报：地面航空器在起火,1
APU火警正常执行,紧急事件通报：地面航空器在起火,1
APU火警正常执行,紧急事件通报：地面航空器在起火,1
APU火警正常执行,紧急事件通报：地面航空器在起火,1
""" 缺 失 落 地 排 查",紧急事件通报：航空器失去一切联系0至30 分钟，且无法确认飞机位置,1
数据 缺 失 土 地 排 查,紧急事件通报：航空器失去一切联系0至30 分钟，且无法确认飞机位置,1
数据 缺 失 土 地 排 查,紧急事件通报：航空器失去一切联系0至30 分钟，且无法确认飞机位置,1
数据 缺 失 落 地 調 查,紧急事件通报：航空器失去一切联系0至30 分钟，且无法确认飞机位置,1
数据 缺 失 落 差 排 查,紧急事件通报：航空器失去一切联系0至30 分钟，且无法确认飞机位置,1
数据 缺 失 落 差 排 查,紧急事件通报：航空器失去一切联系0至30 分钟，且无法确认飞机位置,1
数据 缺 失 落 地 排 。,紧急事件通报：航空器失去一切联系0至30 分钟，且无法确认飞机位置,1
数据 缺 失 落 地 排 。,紧急事件通报：航空器失去一切联系0至30 分钟，且无法确认飞机位置,1
"因 曰 原因 复飞, 中断 起飞",紧急事件通报：起飞和着陆过程中，冲出、偏出跑道或跑道外接地。注：含中断起飞停在停止道的情形。,1
在 落 地 海 口 ， 滑 过 停止 线 0. 9 米 原因 正常 执行,紧急事件通报：起飞和着陆过程中，冲出、偏出跑道或跑道外接地。注：含中断起飞停在停止道的情形。,1
在 落 地 海 口 后 滑 过 停止 线 0. 9 米 原因 止 执行,紧急事件通报：起飞和着陆过程中，冲出、偏出跑道或跑道外接地。注：含中断起飞停在停止道的情形。,1
"因 故障, 复飞, 中断 起飞",紧急事件通报：起飞和着陆过程中，冲出、偏出跑道或跑道外接地。注：含中断起飞停在停止道的情形。,1
因 高 地 海 口 后 滑 出 停止 线 0. 9 米 原因 正常 执行,紧急事件通报：起飞和着陆过程中，冲出、偏出跑道或跑道外接地。注：含中断起飞停在停止道的情形。,1
因 故障 原因 复飞 ， 中断 起飞,紧急事件通报：起飞和着陆过程中，冲出、偏出跑道或跑道外接地。注：含中断起飞停在停止道的情形。,1
"故障 原因 复飞, 中断 起飞",紧急事件通报：起飞和着陆过程中，冲出、偏出跑道或跑道外接地。注：含中断起飞停在停止道的情形。,1
因 落 入 海 面 后 滑 过 停止 线 0. 9 米 原因 正常 执行,紧急事件通报：起飞和着陆过程中，冲出、偏出跑道或跑道外接地。注：含中断起飞停在停止道的情形。,1
接地 风速 大 夫 执行,"危险天气
",1
接地 风速 正常 执行,"危险天气
",1
接地 大 正常 执行,"危险天气
",1
接地 风速 正常 执行,"危险天气
",1
接地 风速 正常 执行,"危险天气
",1
接地 风速 大 正常 。,"危险天气
",1
风速 大 正常 执行,"危险天气
",1
接地 大 正常 执行,"危险天气
",1
旅客 为 新 冠 疫 苗 患 者 正常 执行,紧急事件通报：机上有可疑传染病病例,1
旅客 为 新 冠 疫 情 患 者 正常 ？,紧急事件通报：机上有可疑传染病病例,1
旅客 为 新 冠 疫 情 患 者 正常 ？,紧急事件通报：机上有可疑传染病病例,1
作 为 新 冠 疫 情 患 者 正常 执行,紧急事件通报：机上有可疑传染病病例,1
作 为 新 冠 疫 情 患 者 正常 执行,紧急事件通报：机上有可疑传染病病例,1
旅客 年 新 冠 疫 情 患 者 正常 执行,紧急事件通报：机上有可疑传染病病例,1
旅客 为 新 冠 疫 苗 患 者 正常 执行,紧急事件通报：机上有可疑传染病病例,1
旅客 为 新 冠 疫 情 患 者 。 执行,紧急事件通报：机上有可疑传染病病例,1
因 放行 资料 所 中 飞行 航路 与 实 际 使用 航路 不 一致 原因 中 执行,紧急事件通报：飞错航路、飞偏或飞错进离场航线、未正确执行复飞程序并导致其他航空器避让 （例如：调整高度、调整航向、调整航路）。,1
因 放行 资料 所 以 飞行 航路 与 实 际 使用 航路 不 一致 原因 执行,紧急事件通报：飞错航路、飞偏或飞错进离场航线、未正确执行复飞程序并导致其他航空器避让 （例如：调整高度、调整航向、调整航路）。,1
因 放行 资料 所 中 飞行 航路 与 实 际 使用 航路 不 同 原因 中 执行,紧急事件通报：飞错航路、飞偏或飞错进离场航线、未正确执行复飞程序并导致其他航空器避让 （例如：调整高度、调整航向、调整航路）。,1
因 放行 资料 中 飞行 航路 与 实 际 使用 航路 不 一致 原因 正常 。,紧急事件通报：飞错航路、飞偏或飞错进离场航线、未正确执行复飞程序并导致其他航空器避让 （例如：调整高度、调整航向、调整航路）。,1
因 计算机 飞行 计划 航路 与 领 航 计划 （ ） 航路 一致 原因 正常 执行,紧急事件通报：飞错航路、飞偏或飞错进离场航线、未正确执行复飞程序并导致其他航空器避让 （例如：调整高度、调整航向、调整航路）。,1
因 此 飞行 计划 航路 与 领 航 计划 （ ） 航路 不 原因 正常 执行,紧急事件通报：飞错航路、飞偏或飞错进离场航线、未正确执行复飞程序并导致其他航空器避让 （例如：调整高度、调整航向、调整航路）。,1
因 此 资料 所 中 飞行 航路 与 实 际 使用 航路 中 一致 原因 正常 执行,紧急事件通报：飞错航路、飞偏或飞错进离场航线、未正确执行复飞程序并导致其他航空器避让 （例如：调整高度、调整航向、调整航路）。,1
因 计算机 飞行 航路 与 领 。 计划 （ ） 航路 不 一致 原因 正常 执行,紧急事件通报：飞错航路、飞偏或飞错进离场航线、未正确执行复飞程序并导致其他航空器避让 （例如：调整高度、调整航向、调整航路）。,1
因 威胁 返航 备降,紧急事件通报：航空器爆炸物威胁,1
因 爆炸物 是 重 点 监控 继续 飞,紧急事件通报：航空器爆炸物威胁,1
因 爆炸物 是 重 点 监控 继续 飞,紧急事件通报：航空器爆炸物威胁,1
因 爆炸物 威胁 重 点 监控 继续 。,紧急事件通报：航空器爆炸物威胁,1
爆炸物 威胁 返航 备降,紧急事件通报：航空器爆炸物威胁,1
因 此 威胁 重 点 监控 继续 飞,紧急事件通报：航空器爆炸物威胁,1
因 爆炸物 威胁 返航 。,紧急事件通报：航空器爆炸物威胁,1
爆炸物 威胁 返航 备降,紧急事件通报：航空器爆炸物威胁,1
因 机组 操作 导 致 紧急 下降 原因 正常 执行,紧急事件通报：飞行员宣布紧急状态“MAYDAY”,1
因 机组 误 操作 导 致 紧急 原因 正常 执行,紧急事件通报：飞行员宣布紧急状态“MAYDAY”,1
因 机组 误 差 导 致 紧急 下降 原因 正常 执行,紧急事件通报：飞行员宣布紧急状态“MAYDAY”,1
机组 误 操作 导 致 紧急 下降 原因 正常 执行,紧急事件通报：飞行员宣布紧急状态“MAYDAY”,1
因 机组 误 操作 导 致 的 下降 原因 正常 执行,紧急事件通报：飞行员宣布紧急状态“MAYDAY”,1
因 机组 误 操作 导 致 的 下降 原因 正常 执行,紧急事件通报：飞行员宣布紧急状态“MAYDAY”,1
因 机组 误 操作 导 致 紧急 原因 正常 执行,紧急事件通报：飞行员宣布紧急状态“MAYDAY”,1
因 机组 误 操作 导 致 的 下降 原因 正常 执行,紧急事件通报：飞行员宣布紧急状态“MAYDAY”,1
因 机组 操作 导 致 紧急 下降 原因 正常 执行,紧急事件通报：飞行员宣布紧急状态“MAYDAY”,1
因 非 常 干扰 原因 返航 备降,紧急事件通报：机场受到爆炸物威胁,1
（ 非 法 干扰 原因 返航 备降,紧急事件通报：机场受到爆炸物威胁,1
因 非 法 干扰 原因 。 备降,紧急事件通报：机场受到爆炸物威胁,1
（ 非 法 干扰 原因 返航 备降,紧急事件通报：机场受到爆炸物威胁,1
因 非 法 干扰 走 返航 备降,紧急事件通报：机场受到爆炸物威胁,1
因 非 法 干扰 走 返航 备降,紧急事件通报：机场受到爆炸物威胁,1
（ 非 法 干扰 原因 返航 备降,紧急事件通报：机场受到爆炸物威胁,1
因 非 法 干扰 原因 返航 。,紧急事件通报：机场受到爆炸物威胁,1
（ 非 法 干扰 原因 返航 备降,紧急事件通报：机场受到爆炸物威胁,1
触 发 近地 告 警 告 复飞,紧急事件通报：低于运行标准 （机场运行最低标准、航空器运行标准、飞行机组资格标准）起飞、开始最后进近或着陆,1
触 发 近地 预 警 复飞 复飞,紧急事件通报：低于运行标准 （机场运行最低标准、航空器运行标准、飞行机组资格标准）起飞、开始最后进近或着陆,1
触 发 近地 告 。 复飞 复飞,紧急事件通报：低于运行标准 （机场运行最低标准、航空器运行标准、飞行机组资格标准）起飞、开始最后进近或着陆,1
触 发 近地 告 。 复飞 复飞,紧急事件通报：低于运行标准 （机场运行最低标准、航空器运行标准、飞行机组资格标准）起飞、开始最后进近或着陆,1
触 发 近地 告 。 复飞 复飞,紧急事件通报：低于运行标准 （机场运行最低标准、航空器运行标准、飞行机组资格标准）起飞、开始最后进近或着陆,1
触 发 近地 预 警 复飞 复飞,紧急事件通报：低于运行标准 （机场运行最低标准、航空器运行标准、飞行机组资格标准）起飞、开始最后进近或着陆,1
触 发 警 告 警 复飞 复飞,紧急事件通报：低于运行标准 （机场运行最低标准、航空器运行标准、飞行机组资格标准）起飞、开始最后进近或着陆,1
触 发 近地 告 警 告 复飞,紧急事件通报：低于运行标准 （机场运行最低标准、航空器运行标准、飞行机组资格标准）起飞、开始最后进近或着陆,1
触 电 近地 告 警 复飞 复飞,紧急事件通报：低于运行标准 （机场运行最低标准、航空器运行标准、飞行机组资格标准）起飞、开始最后进近或着陆,1
因 驾驶舱 右 风挡 爆 裂 脱 落 飞机 释压 旅客 氧气 面罩 脱 落 返航 备降,紧急事件通报：出现烟雾或毒气等需要飞行机组成员使用氧气的紧急情况,1
驾驶舱 ， 风挡 玻璃 爆 裂 脱 落 ， 释压 ， 旅客 氧气 面罩 脱 落 返航 备降,紧急事件通报：出现烟雾或毒气等需要飞行机组成员使用氧气的紧急情况,1
因 驾驶舱 右 侧 玻璃 爆 裂 脱 落 ， 飞机 释压 ， 旅客 氧气 面罩 脱 落 了 。,紧急事件通报：出现烟雾或毒气等需要飞行机组成员使用氧气的紧急情况,1
因 驾驶舱 右 风挡 玻璃 爆 裂 脱 落 ， 飞机 释压 ， 旅客 氧气 面罩 ， ， 返航 备降,紧急事件通报：出现烟雾或毒气等需要飞行机组成员使用氧气的紧急情况,1
因 驾驶舱 ， 风挡 ， 爆 裂 脱 落 ， 飞机 ， 旅客 氧气 面罩 脱 落 返航 备降,紧急事件通报：出现烟雾或毒气等需要飞行机组成员使用氧气的紧急情况,1
因 驾驶舱 右 风挡 玻璃 裂 脱 落 飞机 ， 旅客 氧气 面罩 脱 落 返航 备降,紧急事件通报：出现烟雾或毒气等需要飞行机组成员使用氧气的紧急情况,1
因 驾驶舱 右 风挡 玻璃 爆 裂 脱 落 。 飞机 释压 ， 旅客 氧气 面罩 ， ， 返航 备降,紧急事件通报：出现烟雾或毒气等需要飞行机组成员使用氧气的紧急情况,1
因 驾驶舱 右 侧 玻璃 爆 裂 脱 落 飞机 释压 ， 旅客 氧气 面罩 脱 落 返航 备降,紧急事件通报：出现烟雾或毒气等需要飞行机组成员使用氧气的紧急情况,1
因 驾驶舱 右 侧 玻璃 爆 裂 脱 落 ， 飞机 释压 ， 旅客 氧气 面罩 脱 落 ， 备降,紧急事件通报：出现烟雾或毒气等需要飞行机组成员使用氧气的紧急情况,1
因 着陆 摩 擦 机 尾 复飞,紧急事件通报：起落架机轮 （滑橇、尾环、浮筒）之外的任何部位触地/水,1
因 着陆 时 擦 尾 复飞,紧急事件通报：起落架机轮 （滑橇、尾环、浮筒）之外的任何部位触地/水,1
因 着陆 时 擦 机 。 复飞,紧急事件通报：起落架机轮 （滑橇、尾环、浮筒）之外的任何部位触地/水,1
因 此 时 擦 机 尾 复飞,紧急事件通报：起落架机轮 （滑橇、尾环、浮筒）之外的任何部位触地/水,1
因 着陆 时 擦 尾 复飞,紧急事件通报：起落架机轮 （滑橇、尾环、浮筒）之外的任何部位触地/水,1
因 着陆 摩 擦 机 尾 复飞,紧急事件通报：起落架机轮 （滑橇、尾环、浮筒）之外的任何部位触地/水,1
在 着陆 时 擦 机 尾 复飞,紧急事件通报：起落架机轮 （滑橇、尾环、浮筒）之外的任何部位触地/水,1
因 着陆 时 擦 机 尾 。,紧急事件通报：起落架机轮 （滑橇、尾环、浮筒）之外的任何部位触地/水,1
在 着陆 时 擦 机 尾 复飞,紧急事件通报：起落架机轮 （滑橇、尾环、浮筒）之外的任何部位触地/水,1
因为 炸 弹 威胁 原因 一 点 监控 继续 飞,紧急事件通报：航空器上发现爆炸物或其他危险物品，可能危害飞行安全,1
因为 炸 弹 威胁 炸 重 点 监控 继续 飞,紧急事件通报：航空器上发现爆炸物或其他危险物品，可能危害飞行安全,1
因为 炸 弹 威胁 原因 重 点 ： 继续 飞,紧急事件通报：航空器上发现爆炸物或其他危险物品，可能危害飞行安全,1
因为 炸 弹 威胁 原因 重 点 监控 高 飞,紧急事件通报：航空器上发现爆炸物或其他危险物品，可能危害飞行安全,1
因为 弹 威胁 原因 重 点 监控 继续 飞,紧急事件通报：航空器上发现爆炸物或其他危险物品，可能危害飞行安全,1
因为 炸 威胁 原因 重 点 监控 继续 飞,紧急事件通报：航空器上发现爆炸物或其他危险物品，可能危害飞行安全,1
因为 炸 弹 威胁 原因 一 点 监控 继续 飞,紧急事件通报：航空器上发现爆炸物或其他危险物品，可能危害飞行安全,1
因为 炸 弹 威胁 原因 重 音 监控 继续 飞,紧急事件通报：航空器上发现爆炸物或其他危险物品，可能危害飞行安全,1
大 炸 弹 威胁 原因 重 点 监控 继续 飞,紧急事件通报：航空器上发现爆炸物或其他危险物品，可能危害飞行安全,1
因 燃油 冰 点 无 法 满 足 极 地 运行 需要 改航,燃油低温,1
因 燃油 冰 雪 无 法 满 足 极 地 运行 需要 空中 改航,燃油低温,1
因 为 冰 点 无 法 满 足 极 地 的 需要 空中 改航,燃油低温,1
因 燃油 冰 点 无 法 满 足 当 地 运行 需要 改航,燃油低温,1
因 燃油 冰 点 无 法 满 足 极 限 运行 。 空中 改航,燃油低温,1
因 燃油 而 无 法 满 足 极 地 运行 需要 空中 改航,燃油低温,1
燃油 冰 点 无 法 满 足 极 地 运行 需要 空中 改航,燃油低温,1
因 燃油 冰 点 无 法 满 足 极 地 运行 。 空中 改航,燃油低温,1
因 燃油 冰 点 无 法 满 足 极 地 的 需要 求 改航,燃油低温,1
