epoch,overall_accuracy,overall_precision,overall_recall,overall_f1,small_sample_accuracy,small_sample_precision,small_sample_recall,small_sample_f1,training_loss
1,0.886052871467639,0.8548786412530456,0.886052871467639,0.8667118339091047,0.0,0.0,0.0,0.0,0.5798
2,0.8906107566089334,0.8703436059694157,0.8906107566089334,0.8749712103955354,0.75,0.5833333333333333,0.75,0.65,0.5798
3,0.8997265268915223,0.8898754049099153,0.8997265268915223,0.8905212108706768,0.3333333333333333,0.12962962962962962,0.3333333333333333,0.17971014492753623,0.277
4,0.9051959890610757,0.9057742937546709,0.9051959890610757,0.8988361371667627,0.35294117647058826,0.1519607843137255,0.35294117647058826,0.2122260668973472,0.277
5,0.9070191431175935,0.9007080326204562,0.9070191431175935,0.9005291034771128,0.3333333333333333,0.1423611111111111,0.3333333333333333,0.18783068783068782,0.1835
6,0.910665451230629,0.903404936736613,0.910665451230629,0.905193453215315,0.3333333333333333,0.21428571428571427,0.3333333333333333,0.24074074074074073,0.1835
7,0.9061075660893345,0.8982464113614242,0.9061075660893345,0.9012203447173275,0.3333333333333333,0.18888888888888886,0.3333333333333333,0.24000000000000002,0.1302
8,0.9033728350045579,0.8949560998679057,0.9033728350045579,0.8977461711767352,0.5,0.3263888888888889,0.5,0.38928571428571423,0.1302
9,0.9097538742023701,0.9069319780121968,0.9097538742023701,0.9067534255459215,0.35294117647058826,0.21288515406162462,0.35294117647058826,0.25882352941176473,0.0987
10,0.9088422971741112,0.9015020023233585,0.9088422971741112,0.9038942772581944,0.4375,0.26041666666666663,0.4375,0.31875,0.0706
11,0.9097538742023701,0.9065631317293436,0.9097538742023701,0.9061225110318799,0.4166666666666667,0.23379629629629628,0.4166666666666667,0.2974206349206349,0.0706
12,0.902461257976299,0.8955971165031896,0.902461257976299,0.8978444283807165,0.4,0.25555555555555554,0.4,0.30666666666666664,0.0519
13,0.910665451230629,0.9075299238642446,0.910665451230629,0.9064690211012529,0.47368421052631576,0.34795321637426896,0.47368421052631576,0.37744360902255636,0.0519
14,0.9079307201458523,0.9004983160976764,0.9079307201458523,0.9030101979464209,0.35294117647058826,0.196078431372549,0.35294117647058826,0.25098039215686274,0.0449
15,0.9061075660893345,0.9056759376158218,0.9061075660893345,0.902680556436184,0.4090909090909091,0.28787878787878785,0.4090909090909091,0.3151515151515152,0.0449
16,0.9070191431175935,0.9037339450695013,0.9070191431175935,0.9035729177073801,0.3888888888888889,0.2962962962962963,0.3888888888888889,0.3111111111111111,0.0335
17,0.9088422971741112,0.9026632616642271,0.9088422971741112,0.9046650442753668,0.375,0.20833333333333331,0.375,0.26666666666666666,0.0335
18,0.9097538742023701,0.9059015643283281,0.9097538742023701,0.9060048731619574,0.4117647058823529,0.3137254901960784,0.4117647058823529,0.32941176470588235,0.0257
19,0.910665451230629,0.9030650792848631,0.910665451230629,0.905830497048282,0.375,0.20833333333333331,0.375,0.26666666666666666,0.0257
20,0.910665451230629,0.9030650792848631,0.910665451230629,0.905830497048282,0.375,0.20833333333333331,0.375,0.26666666666666666,
