epoch,accuracy,precision,recall,f1
1,0.9111,0.9066,0.9111,0.9072
2,0.9111,0.9066,0.9111,0.9072
3,0.9111,0.9066,0.9111,0.9072
4,0.9111,0.9066,0.9111,0.9072
5,0.9111,0.9066,0.9111,0.9072
6,0.9111,0.9066,0.9111,0.9072
7,0.9111,0.9066,0.9111,0.9072
8,0.9111,0.9066,0.9111,0.9072
9,0.9111,0.9066,0.9111,0.9072
10,0.9111,0.9066,0.9111,0.9072
11,0.9111,0.9066,0.9111,0.9072
12,0.9111,0.9066,0.9111,0.9072
13,0.9111,0.9066,0.9111,0.9072
14,0.9111,0.9066,0.9111,0.9072
15,0.9111,0.9066,0.9111,0.9072
16,0.9111,0.9066,0.9111,0.9072
17,0.9111,0.9066,0.9111,0.9072
18,0.9111,0.9066,0.9111,0.9072
19,0.9111,0.9066,0.9111,0.9072
20,0.9111,0.9066,0.9111,0.9072
