class,precision,recall,f1,support
低云低能见,0.8984375,0.905511811023622,0.9019607843137255,127
低油量,0.6666666666666666,0.6666666666666666,0.6666666666666666,3
协助排查,1.0,0.4,0.5714285714285714,5
危险天气,0.9741219963031423,0.9599271402550091,0.9669724770642202,549
旅客服务,0.0,0.0,0.0,1
无人机、不明飞行物,0.7142857142857143,0.5,0.5882352941176471,0
机场关闭,0.9400921658986175,0.9577464788732394,0.9488372093023256,10
燃油低温,0.6666666666666666,0.7692307692307693,0.7142857142857143,0
空中机械故障,0.5483870967741935,0.7391304347826086,0.6296296296296297,213
空域关闭,1.0,0.8571428571428571,0.9230769230769231,13
管制受限,1.0,1.0,1.0,23
系统问题,1.0,1.0,1.0,7
紧急事件通报：低于运行标准 （机场运行最低标准、航空器运行标准、飞行机组资格标准）起飞、开始最后进近或着陆,1.0,1.0,1.0,0
紧急事件通报：出现烟雾或毒气等需要飞行机组成员使用氧气的紧急情况,0.0,0.0,0.0,0
紧急事件通报：在机场和机库发生的，已经或可能造成航空器损失或人员伤亡的其他地面不安全事件。,1.0,0.4,0.5714285714285714,4
紧急事件通报：在运行阶段航空器受损或人员受伤、死亡。,0.0,0.0,0.0,1
紧急事件通报：地面航空器在起火,0.0,0.0,0.0,1
紧急事件通报：收到飞行机组必需成员能力丧失信息。,0.0,0.0,0.0,2
紧急事件通报：机上有可疑传染病病例,0.6666666666666666,1.0,0.8,0
紧急事件通报：机上颠簸伤人或航空器结构受损,1.0,0.6666666666666666,0.8,5
紧急事件通报：机场受到爆炸物威胁,1.0,0.75,0.8571428571428571,0
紧急事件通报：空中出现明火、烟雾或火警/烟雾信息，机组判断对飞行有影响。,0.92,0.9787234042553191,0.9484536082474226,1
紧急事件通报：管制反馈无法与机组建立联系,0.6363636363636364,1.0,0.7777777777777778,3
紧急事件通报：航空器上发现爆炸物或其他危险物品，可能危害飞行安全,0.0,0.0,0.0,0
紧急事件通报：航空器在地面出现非动力位移,0.9,0.8181818181818182,0.8571428571428571,0
紧急事件通报：航空器失去一切联系0至30 分钟，且无法确认飞机位置,0.7777777777777778,1.0,0.875,0
紧急事件通报：航空器爆炸物威胁,0.5,1.0,0.6666666666666666,1
紧急事件通报：航空器爆炸物威胁  ,0.7,0.5833333333333334,0.6363636363636364,4
紧急事件通报：起落架机轮 （滑橇、尾环、浮筒）之外的任何部位触地/水,0.9583333333333334,1.0,0.9787234042553191,0
总计,0.9233576642335767,0.9233576642335767,0.9233576642335767,1096
宏观平均(Macro Avg),0.6713034214047039,0.6535262544969623,0.644130780996915,1096
加权平均(Weighted Avg),0.9230368289406283,0.9233576642335767,0.9205175031677102,1096
