类别,原始数据数量,训练集数量,验证集数量,总数是否一致
低云低能见,589,462,127,True
低油量,13,10,3,True
协助排查,30,25,5,True
危险天气,2768,2219,549,True
旅客服务,10,9,1,True
无人机、不明飞行物,3,3,0,True
机场关闭,54,44,10,True
燃油低温,1,1,0,True
空中机械故障,1067,854,213,True
空域关闭,53,40,13,True
管制受限,145,122,23,True
系统问题,37,30,7,True
紧急事件通报：低于运行标准 （机场运行最低标准、航空器运行标准、飞行机组资格标准）起飞、开始最后进近或着陆,1,1,0,True
紧急事件通报：出现烟雾或毒气等需要飞行机组成员使用氧气的紧急情况,1,1,0,True
紧急事件通报：在机场和机库发生的，已经或可能造成航空器损失或人员伤亡的其他地面不安全事件。,13,9,4,True
紧急事件通报：在运行阶段航空器受损或人员受伤、死亡。,3,2,1,True
紧急事件通报：地面航空器在起火,2,1,1,True
紧急事件通报：收到飞行机组必需成员能力丧失信息。,10,8,2,True
紧急事件通报：机上有可疑传染病病例,2,2,0,True
紧急事件通报：机上颠簸伤人或航空器结构受损,13,8,5,True
紧急事件通报：机场受到爆炸物威胁,1,1,0,True
紧急事件通报：空中出现明火、烟雾或火警/烟雾信息，机组判断对飞行有影响。,4,3,1,True
紧急事件通报：管制反馈无法与机组建立联系,8,5,3,True
紧急事件通报：航空器上发现爆炸物或其他危险物品，可能危害飞行安全,1,1,0,True
紧急事件通报：航空器在地面出现非动力位移,4,4,0,True
紧急事件通报：航空器失去一切联系0至30 分钟，且无法确认飞机位置,2,2,0,True
紧急事件通报：航空器爆炸物威胁,2,1,1,True
紧急事件通报：航空器爆炸物威胁  ,46,42,4,True
紧急事件通报：起落架机轮 （滑橇、尾环、浮筒）之外的任何部位触地/水,1,1,0,True
紧急事件通报：起飞和着陆过程中，冲出、偏出跑道或跑道外接地。注：含中断起飞停在停止道的情形。,2,2,0,True
紧急事件通报：跑道侵入,9,6,3,True
紧急事件通报：除劫持、发现爆炸物、爆炸物威胁之外，其他危害航空器安全的行为或未遂行为（如向发动机扔硬币、空中试图打开舱门）。,26,22,4,True
紧急事件通报：飞行中发生机组人员或旅客严重疾病、有生命威胁或死亡的紧急医疗事件,203,156,47,True
紧急事件通报：飞行员宣布紧急状态“MAYDAY”,1,1,0,True
紧急事件通报：飞错航路、飞偏或飞错进离场航线、未正确执行复飞程序并导致其他航空器避让 （例如：调整高度、调整航向、调整航路）。,2,2,0,True
自然灾害、战争,26,19,7,True
落地超重/速度大等原因,10,9,1,True
跑道积冰积雪,67,56,11,True
通讯失效,94,80,14,True
雷击,5,4,1,True
颠簸过载超限,50,38,12,True
鸟击鸟群,99,76,23,True
